solution,cluster,customers,percentage,median_recency,median_frequency,median_monetary,mean_recency,mean_frequency,mean_monetary
RFM_Baseline_Group,0,935,27.8108268888,182,1,190.55,182.447058824,1.05454545455,220.710096257
RFM_Baseline_Group,1,905,26.9185008923,88,2,409.63,95.1502762431,1.65856353591,606.159878453
RFM_Baseline_Group,2,803,23.8845925045,46,3,905.6,55.3449564134,3.12702366127,1228.49478456
RFM_Baseline_Group,3,719,21.3860797145,15,7,2433.22,20.0848400556,9.48122392211,5034.78191933
KMeans_k2,0,1967,58.506841166,125,1,304.1,133.928825623,1.38739196746,385.484936451
KMeans_k2,1,1395,41.493158834,27,4,1561.06,37.3792114695,6.51326164875,3299.77008746
KMeans_k3,0,866,25.758477097,22,6,2284.955,33.3036951501,8.74826789838,4720.2323903
KMeans_k3,1,976,29.0303390839,192,1,246.275,198.566598361,1.2387295082,340.626680328
KMeans_k3,2,1520,45.2111838192,58,2,498.48,61.1447368421,1.99342105263,619.246876316
KMeans_k4,0,1112,33.0755502677,45,3,1015.14,54.7868705036,3.33273381295,1311.80269964
KMeans_k4,1,893,26.5615704938,71,1,289.36,68.0201567749,1.359462486,304.452071669
KMeans_k4,2,470,13.9797739441,15,9,3375.405,23.4787234043,12.314893617,7063.17810638
KMeans_k4,3,887,26.3831052945,198,1,265.85,206.180383315,1.2480270575,350.771285231
KMeans_k5,0,865,25.7287328971,199,1,262.62,207.663583815,1.23930635838,343.827121387
KMeans_k5,1,965,28.7031528852,58,2,772.78,64.7658031088,2.58031088083,935.5488
KMeans_k5,2,184,5.47293277811,8,15,6001.795,15.3369565217,19.7717391304,12977.4421196
KMeans_k5,3,726,21.5942891136,71.5,1,235.395,68.5509641873,1.23415977961,250.390013774
KMeans_k5,4,622,18.500892326,25,6,1957.425,33.5434083601,5.97909967846,2558.81123794
KMeans_k6,0,190,5.65139797739,8,15,5910.37,15.2315789474,19.4578947368,12697.5979474
KMeans_k6,1,488,14.5151695419,147,2,663.815,151.354508197,2.00204918033,1039.12619057
KMeans_k6,2,635,18.8875669244,216,1,200.85,217.559055118,1.07244094488,226.991685039
KMeans_k6,3,758,22.5461035098,38,3,706.93,42.1860158311,2.56200527704,823.501584433
KMeans_k6,4,658,19.5716835217,74,1,213.12,69.7750759878,1.1990881459,229.712796353
KMeans_k6,5,633,18.8280785247,28,5,1949.36,36,5.89099526066,2404.87521327
KMeans_k7,0,600,17.8465199286,27,6,2009.12,34.2083333333,6.05333333333,2486.48275
KMeans_k7,1,563,16.745984533,57,1,241.09,54.1420959147,1.243339254,254.51991119
KMeans_k7,2,377,11.2135633551,247,1,226.03,248.970822281,1.10344827586,274.178806366
KMeans_k7,3,725,21.5645449137,38,3,750,41.32,2.67586206897,868.269932414
KMeans_k7,4,512,15.2290303391,159,1,218.155,155.876953125,1.123046875,231.65984375
KMeans_k7,5,401,11.9274241523,135,2,810.56,144.950124688,2.27930174564,1214.27301995
KMeans_k7,6,184,5.47293277811,8,15,6001.795,15.3369565217,19.7717391304,12977.4421196
KMeans_k8,0,371,11.0350981559,53,1,167.15,52.4959568733,1.1320754717,182.019919137
KMeans_k8,1,603,17.9357525283,38,4,1264.19,44.6086235489,3.77114427861,1414.64548922
KMeans_k8,2,367,10.9161213563,259,1,206.98,249.125340599,1.07901907357,246.419591281
KMeans_k8,3,134,3.98572278406,7,17.5,7951.18,14.3731343284,22.8507462687,16169.4023881
KMeans_k8,4,399,11.8679357525,18,7,2528.47,27.7894736842,7.73182957393,3191.71641604
KMeans_k8,5,617,18.3521713266,46,2,514.38,48.4246353323,2.00972447326,567.710471637
KMeans_k8,6,522,15.5264723379,155,1,228.82,153.093869732,1.1398467433,239.548697318
KMeans_k8,7,349,10.3807257585,150,2,810.56,157.510028653,2.12893982808,1246.17473066
Hierarchical_k2,0,1717,51.0707911957,32,4,1228.19,41.1205591147,5.62550960978,2780.91302388
Hierarchical_k2,1,1645,48.9292088043,150,1,258.28,148.922796353,1.31063829787,356.596036474
Hierarchical_k3,0,1645,48.9292088043,150,1,258.28,148.922796353,1.31063829787,356.596036474
Hierarchical_k3,1,1337,39.7679952409,41,3,936.55,48.1922213912,3.34330590875,1365.82929843
Hierarchical_k3,2,380,11.3027959548,13,10,3648.915,16.2394736842,13.6552631579,7759.77339474
Hierarchical_k4,0,1337,39.7679952409,41,3,936.55,48.1922213912,3.34330590875,1365.82929843
Hierarchical_k4,1,939,27.9298036883,195,1,303.97,201.811501597,1.34504792332,448.159680511
Hierarchical_k4,2,380,11.3027959548,13,10,3648.915,16.2394736842,13.6552631579,7759.77339474
Hierarchical_k4,3,706,20.999405116,84,1,212.19,78.5793201133,1.26487252125,234.813796034
Hierarchical_k5,0,939,27.9298036883,195,1,303.97,201.811501597,1.34504792332,448.159680511
Hierarchical_k5,1,628,18.6793575253,45,2,613.04,52.3025477707,2.21496815287,683.413775478
Hierarchical_k5,2,380,11.3027959548,13,10,3648.915,16.2394736842,13.6552631579,7759.77339474
Hierarchical_k5,3,706,20.999405116,84,1,212.19,78.5793201133,1.26487252125,234.813796034
Hierarchical_k5,4,709,21.0886377156,36,4,1475.81,44.5514809591,4.34273624824,1970.28197602
Hierarchical_k6,0,380,11.3027959548,13,10,3648.915,16.2394736842,13.6552631579,7759.77339474
Hierarchical_k6,1,628,18.6793575253,45,2,613.04,52.3025477707,2.21496815287,683.413775478
Hierarchical_k6,2,688,20.4640095181,202,1,226.775,210.481104651,1.11337209302,246.272979651
Hierarchical_k6,3,706,20.999405116,84,1,212.19,78.5793201133,1.26487252125,234.813796034
Hierarchical_k6,4,709,21.0886377156,36,4,1475.81,44.5514809591,4.34273624824,1970.28197602
Hierarchical_k6,5,251,7.46579417014,169,2,814.95,178.047808765,1.98007968127,1001.53836653
Hierarchical_k7,0,688,20.4640095181,202,1,226.775,210.481104651,1.11337209302,246.272979651
Hierarchical_k7,1,628,18.6793575253,45,2,613.04,52.3025477707,2.21496815287,683.413775478
Hierarchical_k7,2,357,10.6186793575,14,10,3325.91,16.9523809524,11.3109243697,4849.6087395
Hierarchical_k7,3,706,20.999405116,84,1,212.19,78.5793201133,1.26487252125,234.813796034
Hierarchical_k7,4,709,21.0886377156,36,4,1475.81,44.5514809591,4.34273624824,1970.28197602
Hierarchical_k7,5,251,7.46579417014,169,2,814.95,178.047808765,1.98007968127,1001.53836653
Hierarchical_k7,6,23,0.684116597264,2,41,43260.74,5.17391304348,50.0434782609,52930.59
Hierarchical_k8,0,628,18.6793575253,45,2,613.04,52.3025477707,2.21496815287,683.413775478
Hierarchical_k8,1,709,21.0886377156,36,4,1475.81,44.5514809591,4.34273624824,1970.28197602
Hierarchical_k8,2,357,10.6186793575,14,10,3325.91,16.9523809524,11.3109243697,4849.6087395
Hierarchical_k8,3,706,20.999405116,84,1,212.19,78.5793201133,1.26487252125,234.813796034
Hierarchical_k8,4,447,13.2956573468,182,1,215.7,184.371364653,1.17002237136,223.485525727
Hierarchical_k8,5,251,7.46579417014,169,2,814.95,178.047808765,1.98007968127,1001.53836653
Hierarchical_k8,6,23,0.684116597264,2,41,43260.74,5.17391304348,50.0434782609,52930.59
Hierarchical_k8,7,241,7.16835217133,272,1,274.67,258.908713693,1.00829875519,288.538506224
GMM_k2,0,1650,49.0779298037,29,4,1193.715,36.9909090909,5.77636363636,2699.23658242
GMM_k2,1,1712,50.9220701963,147,1,275.105,148.683995327,1.33411214953,530.191460864
GMM_k3,0,992,29.506246282,17,5,1682.385,19.4596774194,7.5877016129,3785.81550403
GMM_k3,1,1366,40.6305770375,147,1,239.725,142.414348463,1,401.694407028
GMM_k3,2,1004,29.8631766805,91,2,677.335,101.334661355,2.91035856574,1052.97271116
GMM_k4,0,758,22.5461035098,15,6,1994.245,15.8878627968,8.91424802111,4466.35911741
GMM_k4,1,668,19.8691255205,79,2,539.47,89.6751497006,2,693.438669162
GMM_k4,2,1366,40.6305770375,147,1,239.725,142.414348463,1,401.694407028
GMM_k4,3,570,16.9541939322,74,4,1081.625,86.1368421053,4.13333333333,1691.22164912
GMM_k5,0,668,19.8691255205,79,2,539.47,89.6751497006,2,693.438669162
GMM_k5,1,524,15.5859607377,11,8,2545.21,12.213740458,10.8969465649,5785.18683206
GMM_k5,2,408,12.1356335515,53,3,866.135,65.4656862745,3,1267.54331127
GMM_k5,3,396,11.7787031529,57,5,1503.915,70.7853535354,5.50252525253,2022.47722222
GMM_k5,4,1366,40.6305770375,147,1,239.725,142.414348463,1,401.694407028
GMM_k6,0,447,13.2956573468,29,5,1781.3,30.5704697987,6.08053691275,2261.76472036
GMM_k6,1,1366,40.6305770375,147,1,239.725,142.414348463,1,401.694407028
GMM_k6,2,408,12.1356335515,53,3,866.135,65.4656862745,3,1267.54331127
GMM_k6,3,668,19.8691255205,79,2,539.47,89.6751497006,2,693.438669162
GMM_k6,4,181,5.38370017847,93,5,1307.35,103.016574586,5.2044198895,2121.25845304
GMM_k6,5,292,8.68530636526,6,11,3497.305,7.2602739726,14.4828767123,8347.19955479
GMM_k7,0,165,4.90779298037,274,1,205.86,274.290909091,1,244.940121212
GMM_k7,1,460,13.6823319453,28,5,1834.45,28.0130434783,6.20869565217,2339.87232609
GMM_k7,2,1201,35.7227840571,125,1,244.8,124.29641965,1,423.230174854
GMM_k7,3,260,7.73349196907,6,11,3861.735,6.84230769231,15.4269230769,9056.17130769
GMM_k7,4,668,19.8691255205,79,2,539.47,89.6751497006,2,693.438669162
GMM_k7,5,200,5.9488399762,91,4,1362.29,98.83,5.11,2006.96535
GMM_k7,6,408,12.1356335515,53,3,866.135,65.4656862745,3,1267.54331127
GMM_k8_Diagnostic,0,772,22.9625223081,84,1,262.36,81.9922279793,1,488.665
GMM_k8_Diagnostic,1,95,2.8256989887,92,6,1495.79,103.178947368,6.29473684211,1734.95873684
GMM_k8_Diagnostic,2,213,6.33551457466,6,13,4685.17,7.16431924883,17.5492957746,10658.9728169
GMM_k8_Diagnostic,3,594,17.6680547293,218,1,224.43,220.942760943,1,288.661919192
GMM_k8_Diagnostic,4,408,12.1356335515,53,3,866.135,65.4656862745,3,1267.54331127
GMM_k8_Diagnostic,5,366,10.8863771565,24,6,2144.545,26.0054644809,7.01912568306,2879.16483607
GMM_k8_Diagnostic,6,668,19.8691255205,79,2,539.47,89.6751497006,2,693.438669162
GMM_k8_Diagnostic,7,246,7.31707317073,45,4,1204.19,55.2235772358,4,1395.86284553
