feature,count,mean,std,min,25%,50%,75%,max,dtype
CustomerID,3362,15276.6329566,1726.15314445,12346,13786.25,15234.5,16766.75,18287,int64
Recency,3362,93.8673408685,79.6152022708,0,25,73,150,281,int64
Frequency,3362,3.51427721594,5.7537955519,1,1,2,4,131,int64
Monetary,3362,1594.71390303,6110.00678993,2.9,260.6575,555.015,1363.2625,177729.62,float64
Log_Frequency,3362,1.2375079551,0.626649922503,0.693147181,0.693147181,1.098612289,1.609437912,4.882801923,float64
Log_Monetary,3362,6.40373937095,1.22223746506,1.360976553,5.56703638025,6.32079462,7.21836921925,12.08802431,float64
Recency_scaled,3362,5.94884363859e-12,1.00014875417,-1.179188162,-0.865131071,-0.262141455,0.705154386,2.350813545,float64
Frequency_scaled,3362,-9.54788831777e-11,1.00014875418,-0.868813241,-0.868813241,-0.221680914,0.593609398,5.817979207,float64
Monetary_scaled,3362,6.24627509475e-12,1.00014875418,-4.126459133,-0.684668469,-0.0678731355,0.666606164,4.651412401,float64
