method,k,seed,groups,silhouette,davies_bouldin,calinski_harabasz,smallest_cluster,largest_cluster,smallest_pct,sizes,inertia,iterations,aic,bic,converged,mean_confidence,low_confidence_count,low_confidence_pct,min_covariance_eigenvalue
KMeans,2,42,2,0.411375877464,0.904482354192,3136.78774585,1395,1967,41.493158834,"{""0"": 1967, ""1"": 1395}",5216.28129132,14,,,,,,,
KMeans,2,7,2,0.411375877464,0.904482354192,3136.78774585,1395,1967,41.493158834,"{""0"": 1967, ""1"": 1395}",5216.28129132,13,,,,,,,
KMeans,2,21,2,0.411375877464,0.904482354192,3136.78774585,1395,1967,41.493158834,"{""0"": 1395, ""1"": 1967}",5216.28129132,11,,,,,,,
KMeans,2,99,2,0.411375877464,0.904482354192,3136.78774585,1395,1967,41.493158834,"{""0"": 1967, ""1"": 1395}",5216.28129132,12,,,,,,,
KMeans,2,123,2,0.411375877464,0.904482354192,3136.78774585,1395,1967,41.493158834,"{""0"": 1967, ""1"": 1395}",5216.26399464,4,,,,,,,
KMeans,3,42,3,0.372795446438,0.915767614044,3135.74818241,866,1520,25.758477097,"{""0"": 866, ""1"": 976, ""2"": 1520}",3517.88544553,10,,,,,,,
KMeans,3,7,3,0.372795446438,0.915767614044,3135.74818241,866,1520,25.758477097,"{""0"": 1520, ""1"": 866, ""2"": 976}",3517.87842429,15,,,,,,,
KMeans,3,21,3,0.372821065922,0.915534788125,3135.75799642,864,1522,25.6989886972,"{""0"": 976, ""1"": 864, ""2"": 1522}",3517.86986203,8,,,,,,,
KMeans,3,99,3,0.372821065922,0.915534788125,3135.75799642,864,1522,25.6989886972,"{""0"": 1522, ""1"": 864, ""2"": 976}",3517.87083027,7,,,,,,,
KMeans,3,123,3,0.372795446438,0.915767614044,3135.74818241,866,1520,25.758477097,"{""0"": 976, ""1"": 866, ""2"": 1520}",3517.88544553,11,,,,,,,
KMeans,4,42,4,0.346009293918,0.949828848028,3039.66135088,470,1112,13.9797739441,"{""0"": 1112, ""1"": 893, ""2"": 470, ""3"": 887}",2714.50118527,7,,,,,,,
KMeans,4,7,4,0.346036098624,0.950610693006,3039.64733132,473,1113,14.0690065437,"{""0"": 473, ""1"": 1113, ""2"": 891, ""3"": 885}",2714.51033562,8,,,,,,,
KMeans,4,21,4,0.346368142172,0.949822713446,3039.57654133,477,1118,14.1879833432,"{""0"": 477, ""1"": 882, ""2"": 1118, ""3"": 885}",2714.56145753,19,,,,,,,
KMeans,4,99,4,0.346033249051,0.950533856499,3039.64465772,473,1114,14.0690065437,"{""0"": 1114, ""1"": 885, ""2"": 473, ""3"": 890}",2714.53007099,9,,,,,,,
KMeans,4,123,4,0.346028180882,0.950348284994,3039.65521231,471,1114,14.009518144,"{""0"": 885, ""1"": 1114, ""2"": 892, ""3"": 471}",2714.50699959,6,,,,,,,
KMeans,5,42,5,0.323936102483,0.994066119424,2768.89007795,184,965,5.47293277811,"{""0"": 865, ""1"": 965, ""2"": 184, ""3"": 726, ""4"": 622}",2346.00464643,10,,,,,,,
KMeans,5,7,5,0.32391598279,0.993858375794,2768.89611317,184,966,5.47293277811,"{""0"": 966, ""1"": 622, ""2"": 725, ""3"": 865, ""4"": 184}",2346.01362681,11,,,,,,,
KMeans,5,21,5,0.323135462403,0.997319401594,2768.93583685,190,959,5.65139797739,"{""0"": 623, ""1"": 865, ""2"": 190, ""3"": 725, ""4"": 959}",2345.97950766,14,,,,,,,
KMeans,5,99,5,0.323876613209,0.994376738005,2768.88017472,184,964,5.47293277811,"{""0"": 184, ""1"": 727, ""2"": 865, ""3"": 622, ""4"": 964}",2346.02715252,9,,,,,,,
KMeans,5,123,5,0.323393670125,0.995821518589,2768.97186419,189,965,5.62165377751,"{""0"": 865, ""1"": 618, ""2"": 189, ""3"": 965, ""4"": 725}",2345.96323997,12,,,,,,,
KMeans,6,42,6,0.314837743283,0.969637116482,2662.28460352,190,758,5.65139797739,"{""0"": 190, ""1"": 488, ""2"": 635, ""3"": 758, ""4"": 658, ""5"": 633}",2030.83023887,12,,,,,,,
KMeans,6,7,6,0.31481578187,0.969613963544,2662.27848401,190,757,5.65139797739,"{""0"": 488, ""1"": 757, ""2"": 190, ""3"": 658, ""4"": 635, ""5"": 634}",2030.83527624,11,,,,,,,
KMeans,6,21,6,0.314798107501,0.971327397101,2662.35395468,189,764,5.62165377751,"{""0"": 624, ""1"": 639, ""2"": 658, ""3"": 764, ""4"": 488, ""5"": 189}",2030.81503,13,,,,,,,
KMeans,6,99,6,0.316265823274,0.968356761905,2662.13700245,184,766,5.47293277811,"{""0"": 184, ""1"": 651, ""2"": 766, ""3"": 662, ""4"": 617, ""5"": 482}",2030.92119998,27,,,,,,,
KMeans,6,123,6,0.31572099879,0.969507301894,2662.29142268,184,771,5.47293277811,"{""0"": 643, ""1"": 771, ""2"": 484, ""3"": 184, ""4"": 663, ""5"": 617}",2030.874115,24,,,,,,,
KMeans,7,42,7,0.300980294542,0.98087353544,2528.2541502,184,725,5.47293277811,"{""0"": 600, ""1"": 563, ""2"": 377, ""3"": 725, ""4"": 512, ""5"": 401, ""6"": 184}",1826.69036119,57,,,,,,,
KMeans,7,7,7,0.300980294542,0.98087353544,2528.2541502,184,725,5.47293277811,"{""0"": 725, ""1"": 377, ""2"": 600, ""3"": 184, ""4"": 563, ""5"": 512, ""6"": 401}",1826.69036119,40,,,,,,,
KMeans,7,21,7,0.301073996869,0.980740775044,2528.23935623,183,726,5.44318857823,"{""0"": 563, ""1"": 183, ""2"": 401, ""3"": 377, ""4"": 600, ""5"": 726, ""6"": 512}",1826.69689639,14,,,,,,,
KMeans,7,99,7,0.30067647441,0.980707916381,2527.9931007,189,718,5.62165377751,"{""0"": 718, ""1"": 603, ""2"": 403, ""3"": 376, ""4"": 189, ""5"": 511, ""6"": 562}",1826.84447358,25,,,,,,,
KMeans,7,123,7,0.300998865718,0.980555191093,2528.19948023,184,723,5.47293277811,"{""0"": 512, ""1"": 184, ""2"": 562, ""3"": 377, ""4"": 723, ""5"": 401, ""6"": 603}",1826.76542527,64,,,,,,,
KMeans,8,42,8,0.281249372218,1.04943634238,2409.54576586,134,617,3.98572278406,"{""0"": 371, ""1"": 603, ""2"": 367, ""3"": 134, ""4"": 399, ""5"": 617, ""6"": 522, ""7"": 349}",1672.97049297,25,,,,,,,
KMeans,8,7,8,0.280576015832,1.05089745098,2409.73161219,137,605,4.0749553837,"{""0"": 416, ""1"": 513, ""2"": 354, ""3"": 369, ""4"": 597, ""5"": 137, ""6"": 371, ""7"": 605}",1672.92629683,21,,,,,,,
KMeans,8,21,8,0.281231779692,1.04815623477,2409.77824496,135,613,4.01546698394,"{""0"": 354, ""1"": 356, ""2"": 135, ""3"": 613, ""4"": 370, ""5"": 418, ""6"": 597, ""7"": 519}",1672.85050523,18,,,,,,,
KMeans,8,99,8,0.278863614012,1.05574519418,2409.05570991,134,601,3.98572278406,"{""0"": 594, ""1"": 495, ""2"": 601, ""3"": 405, ""4"": 366, ""5"": 134, ""6"": 367, ""7"": 400}",1673.23960817,26,,,,,,,
KMeans,8,123,8,0.286343401895,1.00151076071,2408.61910274,138,630,4.10469958358,"{""0"": 609, ""1"": 506, ""2"": 425, ""3"": 376, ""4"": 630, ""5"": 380, ""6"": 138, ""7"": 298}",1673.49120771,22,,,,,,,
GMM,2,42,2,0.380230540352,0.972372767287,2723.70786413,1650,1712,49.0779298037,"{""0"": 1650, ""1"": 1712}",,6,21957.1242698,22073.4098048,True,0.887988757858,637,18.9470553242,0.10423430776
GMM,2,7,2,0.380230540352,0.972372767287,2723.70786413,1650,1712,49.0779298037,"{""0"": 1650, ""1"": 1712}",,6,21957.1242698,22073.4098048,True,0.887988757858,637,18.9470553242,0.10423430776
GMM,2,21,2,0.380230540352,0.972372767287,2723.70786413,1650,1712,49.0779298037,"{""0"": 1650, ""1"": 1712}",,6,21957.1242698,22073.4098048,True,0.887988757858,637,18.9470553242,0.10423430776
GMM,2,99,2,0.380230540352,0.972372767287,2723.70786413,1650,1712,49.0779298037,"{""0"": 1712, ""1"": 1650}",,6,21957.1242698,22073.4098048,True,0.887988757858,637,18.9470553242,0.10423430776
GMM,2,123,2,0.380230540352,0.972372767287,2723.70786413,1650,1712,49.0779298037,"{""0"": 1712, ""1"": 1650}",,6,21957.1242698,22073.4098048,True,0.887988757858,637,18.9470553242,0.10423430776
GMM,3,42,3,0.21048515895,1.39610487192,1758.07191058,992,1366,29.506246282,"{""0"": 992, ""1"": 1366, ""2"": 1004}",,9,6139.12526579,6316.61371389,True,0.92154086736,486,14.4556811422,9.99999999973e-07
GMM,3,7,3,0.210607207793,1.39631635274,1759.58540929,993,1366,29.5359904819,"{""0"": 993, ""1"": 1366, ""2"": 1003}",,9,6139.12928416,6316.61773226,True,0.921557395451,487,14.4854253421,9.99999999973e-07
GMM,3,21,3,0.21048515895,1.39610487192,1758.07191058,992,1366,29.506246282,"{""0"": 1366, ""1"": 1004, ""2"": 992}",,9,6139.14626,6316.6347081,True,0.921556905851,486,14.4556811422,9.99999999973e-07
GMM,3,99,3,0.210607207793,1.39631635274,1759.58540929,993,1366,29.5359904819,"{""0"": 1366, ""1"": 1003, ""2"": 993}",,9,6139.12928416,6316.61773226,True,0.921557395451,487,14.4854253421,9.99999999973e-07
GMM,3,123,3,0.21048515895,1.39610487192,1758.07191058,992,1366,29.506246282,"{""0"": 1004, ""1"": 1366, ""2"": 992}",,9,6139.14626,6316.6347081,True,0.921556905851,486,14.4556811422,9.99999999973e-07
GMM,4,42,4,0.134704840039,1.68261675667,1389.06208495,570,1366,16.9541939322,"{""0"": 758, ""1"": 668, ""2"": 1366, ""3"": 570}",,14,-1003.25565427,-764.564293026,True,0.945981829873,297,8.83402736466,9.99999999973e-07
GMM,4,7,4,0.134885308919,1.68147377376,1392.9143704,567,1366,16.8649613325,"{""0"": 761, ""1"": 567, ""2"": 668, ""3"": 1366}",,14,-1003.08802034,-764.396659093,True,0.945639389422,299,8.89351576443,9.99999999973e-07
GMM,4,21,4,0.134704840039,1.68261675667,1389.06208495,570,1366,16.9541939322,"{""0"": 668, ""1"": 758, ""2"": 570, ""3"": 1366}",,14,-1003.25565427,-764.564293026,True,0.945981829873,297,8.83402736466,9.99999999973e-07
GMM,4,99,4,0.134704840039,1.68261675667,1389.06208495,570,1366,16.9541939322,"{""0"": 1366, ""1"": 570, ""2"": 758, ""3"": 668}",,14,-1003.25565427,-764.564293026,True,0.945981829873,297,8.83402736466,9.99999999973e-07
GMM,4,123,4,0.134755403155,1.68174822391,1393.00305088,568,1366,16.8947055324,"{""0"": 1366, ""1"": 568, ""2"": 668, ""3"": 760}",,14,-1003.13843968,-764.447078437,True,0.945654648343,299,8.89351576443,9.99999999973e-07
GMM,5,42,5,0.0973493355221,2.00519147504,1181.84936684,396,1366,11.7787031529,"{""0"": 668, ""1"": 524, ""2"": 408, ""3"": 396, ""4"": 1366}",,27,-5132.6963574,-4832.80208302,True,0.959934913558,231,6.87091017252,9.99999999973e-07
GMM,5,7,5,0.100806629059,2.00639383995,1179.02371844,335,1366,9.96430696014,"{""0"": 1366, ""1"": 335, ""2"": 668, ""3"": 408, ""4"": 585}",,19,-5135.0264337,-4835.13215932,True,0.9610614242,206,6.12730517549,9.99999999973e-07
GMM,5,21,5,0.0973493355221,2.00519147504,1181.84936684,396,1366,11.7787031529,"{""0"": 408, ""1"": 396, ""2"": 1366, ""3"": 524, ""4"": 668}",,27,-5132.70524737,-4832.81097299,True,0.959931055848,231,6.87091017252,9.99999999973e-07
GMM,5,99,5,0.0886550727223,2.20292682512,1153.05659667,384,1366,11.4217727543,"{""0"": 384, ""1"": 432, ""2"": 668, ""3"": 1366, ""4"": 512}",,14,-1315.94347943,-1016.04920505,True,0.914148931043,473,14.0690065437,9.99999999973e-07
GMM,5,123,5,0.100494052557,2.00665439672,1180.48686578,342,1366,10.1725163593,"{""0"": 1366, ""1"": 342, ""2"": 578, ""3"": 408, ""4"": 668}",,18,-5135.30442848,-4835.41015409,True,0.960769414952,219,6.51397977394,9.99999999973e-07
GMM,6,42,6,0.102115224974,1.89516123895,1026.94453136,181,1366,5.38370017847,"{""0"": 447, ""1"": 1366, ""2"": 408, ""3"": 668, ""4"": 181, ""5"": 292}",,23,-5341.83346231,-4980.73627478,True,0.945069451091,288,8.56632956573,9.99999999973e-07
GMM,6,7,6,0.102042533277,1.89646311106,1025.03514557,180,1366,5.35395597858,"{""0"": 668, ""1"": 290, ""2"": 1366, ""3"": 408, ""4"": 180, ""5"": 450}",,23,-5341.80782739,-4980.71063986,True,0.945393440583,285,8.47709696609,9.99999999973e-07
GMM,6,21,6,0.102163571462,1.89317846055,1026.64865947,179,1366,5.3242117787,"{""0"": 448, ""1"": 1366, ""2"": 668, ""3"": 408, ""4"": 179, ""5"": 293}",,23,-5340.94950841,-4979.85232089,True,0.945059825155,288,8.56632956573,9.99999999973e-07
GMM,6,99,6,0.104230102767,1.87841097644,1033.32888225,174,1366,5.1754907793,"{""0"": 668, ""1"": 451, ""2"": 295, ""3"": 408, ""4"": 174, ""5"": 1366}",,21,-5337.26031321,-4976.16312568,True,0.944773998124,290,8.6258179655,9.99999999973e-07
GMM,6,123,6,0.102671971896,1.89343923076,1028.12234717,182,1366,5.41344437835,"{""0"": 408, ""1"": 1366, ""2"": 285, ""3"": 182, ""4"": 453, ""5"": 668}",,24,-5343.5160082,-4982.41882068,True,0.94518095875,286,8.50684116597,9.99999999973e-07
GMM,7,42,7,0.0855504067647,1.74530283029,1083.74572658,165,1201,4.90779298037,"{""0"": 165, ""1"": 460, ""2"": 1201, ""3"": 260, ""4"": 668, ""5"": 200, ""6"": 408}",,30,-5671.39867869,-5249.09857803,True,0.937727600338,296,8.80428316478,9.99999999973e-07
GMM,7,7,7,0.0867733609534,1.74201905678,1087.84539336,165,1201,4.90779298037,"{""0"": 668, ""1"": 203, ""2"": 1201, ""3"": 408, ""4"": 255, ""5"": 165, ""6"": 462}",,31,-5671.67624125,-5249.37614059,True,0.93768788983,297,8.83402736466,9.99999999973e-07
GMM,7,21,7,0.0846914235644,1.7453672243,1080.97592781,163,1203,4.84830458061,"{""0"": 668, ""1"": 260, ""2"": 200, ""3"": 163, ""4"": 460, ""5"": 408, ""6"": 1203}",,30,-5671.37212767,-5249.07202701,True,0.937767464997,297,8.83402736466,9.99999999973e-07
GMM,7,99,7,0.0842591618466,1.75048750427,1078.80718056,166,1200,4.93753718025,"{""0"": 408, ""1"": 456, ""2"": 196, ""3"": 166, ""4"": 268, ""5"": 1200, ""6"": 668}",,28,-5670.30940741,-5248.00930675,True,0.937905742701,296,8.80428316478,9.99999999973e-07
GMM,7,123,7,0.0855504067647,1.74530283029,1083.74572658,165,1201,4.90779298037,"{""0"": 1201, ""1"": 260, ""2"": 668, ""3"": 165, ""4"": 408, ""5"": 200, ""6"": 460}",,30,-5671.41369734,-5249.11359667,True,0.937748155907,296,8.80428316478,9.99999999973e-07
GMM,8,42,8,0.159702255279,1.95490894966,1265.38586637,95,772,2.8256989887,"{""0"": 772, ""1"": 95, ""2"": 213, ""3"": 594, ""4"": 408, ""5"": 366, ""6"": 668, ""7"": 246}",,21,-7830.19656452,-7346.69355072,True,0.919211394758,406,12.0761451517,9.99999999973e-07
GMM,8,7,8,0.0760901106346,1.67010095107,1058.10331834,108,1200,3.21237358715,"{""0"": 458, ""1"": 1200, ""2"": 560, ""3"": 108, ""4"": 408, ""5"": 248, ""6"": 166, ""7"": 214}",,34,-5738.53947494,-5255.03646114,True,0.924387000476,358,10.6484235574,9.99999999973e-07
GMM,8,21,8,0.0765021250756,1.97841970312,999.482812992,118,1200,3.50981558596,"{""0"": 118, ""1"": 246, ""2"": 166, ""3"": 1200, ""4"": 365, ""5"": 191, ""6"": 408, ""7"": 668}",,26,-8025.96386021,-7542.46084641,True,0.956015487352,212,6.30577037478,9.99999999973e-07
GMM,8,99,8,0.160968361717,2.01812453413,1185.08052579,57,688,1.69541939322,"{""0"": 677, ""1"": 362, ""2"": 668, ""3"": 688, ""4"": 286, ""5"": 406, ""6"": 218, ""7"": 57}",,24,-5658.35182261,-5174.84880881,True,0.90006329281,501,14.9018441404,9.99999999973e-07
GMM,8,123,8,0.0772249231296,1.96796345698,999.881562006,113,1200,3.36109458656,"{""0"": 194, ""1"": 246, ""2"": 166, ""3"": 113, ""4"": 668, ""5"": 367, ""6"": 408, ""7"": 1200}",,22,-8025.46213083,-7541.95911703,True,0.956154900776,214,6.36525877454,9.99999999973e-07
